{
  "agent": "DQNLarge",
  "parameter": "discount_factor",
  "timestamp": "20251209_021238",
  "results": {
    "0.95": {
      "minimax_win_rate": {
        "mean": 0.6833333333333332,
        "std": 0.07637626158259735,
        "min": 0.6,
        "max": 0.75,
        "ci_95_lower": 0.4936041816558464,
        "ci_95_upper": 0.8730624850108201,
        "sample_size": 3,
        "raw_values": [
          0.6,
          0.7,
          0.75
        ]
      },
      "episodes_completed": {
        "mean": 500.0,
        "std": 0.0,
        "min": 500,
        "max": 500,
        "ci_95_lower": NaN,
        "ci_95_upper": NaN,
        "sample_size": 3,
        "raw_values": [
          500,
          500,
          500
        ]
      },
      "final_win_rate": {
        "mean": 0.6458333333333334,
        "std": 0.05907269532815763,
        "min": 0.6,
        "max": 0.7125,
        "ci_95_lower": 0.499088623135738,
        "ci_95_upper": 0.7925780435309288,
        "sample_size": 3,
        "raw_values": [
          0.625,
          0.6,
          0.7125
        ]
      },
      "training_efficiency": {
        "mean": 0.2328967686837882,
        "std": 0.015575570932492485,
        "min": 0.21560674196413582,
        "max": 0.24583009661910726,
        "ci_95_lower": 0.19420490554882083,
        "ci_95_upper": 0.27158863181875553,
        "sample_size": 3,
        "raw_values": [
          0.23725346746812156,
          0.21560674196413582,
          0.24583009661910726
        ]
      },
      "random_win_rate": {
        "mean": 0.7333333333333334,
        "std": 0.2362907813126304,
        "min": 0.55,
        "max": 1.0,
        "ci_95_lower": 0.14635449254295207,
        "ci_95_upper": 1.3203121741237147,
        "sample_size": 3,
        "raw_values": [
          0.55,
          0.65,
          1.0
        ]
      },
      "greedy_win_rate": {
        "mean": 0.31666666666666665,
        "std": 0.05773502691896256,
        "min": 0.25,
        "max": 0.35,
        "ci_95_lower": 0.17324490901012862,
        "ci_95_upper": 0.4600884243232047,
        "sample_size": 3,
        "raw_values": [
          0.35,
          0.25,
          0.35
        ]
      },
      "total_time": {
        "mean": 166.3100205262502,
        "std": 7.941529679590682,
        "min": 158.05880689620972,
        "max": 173.9005947113037,
        "ci_95_lower": 146.58216716043896,
        "ci_95_upper": 186.03787389206147,
        "sample_size": 3,
        "raw_values": [
          158.05880689620972,
          166.97065997123718,
          173.9005947113037
        ]
      },
      "heuristic_win_rate": {
        "mean": 0.85,
        "std": 0.1322875655532295,
        "min": 0.75,
        "max": 1.0,
        "ci_95_lower": 0.521379469617651,
        "ci_95_upper": 1.178620530382349,
        "sample_size": 3,
        "raw_values": [
          1.0,
          0.8,
          0.75
        ]
      },
      "best_win_rate": {
        "mean": 0.6625,
        "std": 0.08749999999999998,
        "min": 0.5625,
        "max": 0.725,
        "ci_95_lower": 0.4451379502245398,
        "ci_95_upper": 0.8798620497754601,
        "sample_size": 3,
        "raw_values": [
          0.725,
          0.7,
          0.5625
        ]
      }
    },
    "0.99": {
      "minimax_win_rate": {
        "mean": 0.6999999999999998,
        "std": 0.14999999999999997,
        "min": 0.55,
        "max": 0.85,
        "ci_95_lower": 0.3273793432420681,
        "ci_95_upper": 1.0726206567579317,
        "sample_size": 3,
        "raw_values": [
          0.85,
          0.55,
          0.7
        ]
      },
      "episodes_completed": {
        "mean": 500.0,
        "std": 0.0,
        "min": 500,
        "max": 500,
        "ci_95_lower": NaN,
        "ci_95_upper": NaN,
        "sample_size": 3,
        "raw_values": [
          500,
          500,
          500
        ]
      },
      "final_win_rate": {
        "mean": 0.6458333333333334,
        "std": 0.13248427579653868,
        "min": 0.525,
        "max": 0.7875,
        "ci_95_lower": 0.31672414761729856,
        "ci_95_upper": 0.9749425190493681,
        "sample_size": 3,
        "raw_values": [
          0.525,
          0.7875,
          0.625
        ]
      },
      "training_efficiency": {
        "mean": 0.22301956232207873,
        "std": 0.03671091008109964,
        "min": 0.18919627505891554,
        "max": 0.2620599168970872,
        "ci_95_lower": 0.13182460615807387,
        "ci_95_upper": 0.3142145184860836,
        "sample_size": 3,
        "raw_values": [
          0.18919627505891554,
          0.2620599168970872,
          0.21780249501023338
        ]
      },
      "random_win_rate": {
        "mean": 0.7999999999999999,
        "std": 0.18027756377319948,
        "min": 0.65,
        "max": 1.0,
        "ci_95_lower": 0.3521657052540697,
        "ci_95_upper": 1.2478342947459302,
        "sample_size": 3,
        "raw_values": [
          0.75,
          1.0,
          0.65
        ]
      },
      "greedy_win_rate": {
        "mean": 0.3,
        "std": 0.2645751311064591,
        "min": 0.1,
        "max": 0.6,
        "ci_95_lower": -0.35724106076469814,
        "ci_95_upper": 0.9572410607646982,
        "sample_size": 3,
        "raw_values": [
          0.1,
          0.6,
          0.2
        ]
      },
      "total_time": {
        "mean": 172.9901261329651,
        "std": 6.940309705565389,
        "min": 166.4937641620636,
        "max": 180.3022780418396,
        "ci_95_lower": 155.74944106235694,
        "ci_95_upper": 190.23081120357324,
        "sample_size": 3,
        "raw_values": [
          166.4937641620636,
          180.3022780418396,
          172.17433619499207
        ]
      },
      "heuristic_win_rate": {
        "mean": 0.7833333333333332,
        "std": 0.3329164059239696,
        "min": 0.4,
        "max": 1.0,
        "ci_95_lower": -0.043676865472532134,
        "ci_95_upper": 1.6103435321391986,
        "sample_size": 3,
        "raw_values": [
          0.4,
          1.0,
          0.95
        ]
      },
      "best_win_rate": {
        "mean": 0.6708333333333334,
        "std": 0.04389855730355309,
        "min": 0.625,
        "max": 0.7125,
        "ci_95_lower": 0.5617832716454957,
        "ci_95_upper": 0.7798833950211711,
        "sample_size": 3,
        "raw_values": [
          0.7125,
          0.625,
          0.675
        ]
      }
    },
    "0.995": {
      "minimax_win_rate": {
        "mean": 0.8833333333333333,
        "std": 0.10408329997330662,
        "min": 0.8,
        "max": 1.0,
        "ci_95_lower": 0.6247760827094243,
        "ci_95_upper": 1.1418905839572422,
        "sample_size": 3,
        "raw_values": [
          0.85,
          0.8,
          1.0
        ]
      },
      "episodes_completed": {
        "mean": 500.0,
        "std": 0.0,
        "min": 500,
        "max": 500,
        "ci_95_lower": NaN,
        "ci_95_upper": NaN,
        "sample_size": 3,
        "raw_values": [
          500,
          500,
          500
        ]
      },
      "final_win_rate": {
        "mean": 0.7333333333333334,
        "std": 0.05773502691896263,
        "min": 0.7,
        "max": 0.8,
        "ci_95_lower": 0.5899115756767952,
        "ci_95_upper": 0.8767550909898716,
        "sample_size": 3,
        "raw_values": [
          0.7,
          0.8,
          0.7
        ]
      },
      "training_efficiency": {
        "mean": 0.5773106678383716,
        "std": 0.5272651600070952,
        "min": 0.26251614984757665,
        "max": 1.186024730796922,
        "ci_95_lower": -0.7324886002110941,
        "ci_95_upper": 1.8871099358878372,
        "sample_size": 3,
        "raw_values": [
          0.26251614984757665,
          0.2833911228706162,
          1.186024730796922
        ]
      },
      "random_win_rate": {
        "mean": 0.8833333333333333,
        "std": 0.05773502691896256,
        "min": 0.85,
        "max": 0.95,