{
  "agent": "DQNLarge",
  "parameter": "epsilon_decay",
  "timestamp": "20251209_020628",
  "results": {
    "0.995": {
      "minimax_win_rate": {
        "mean": 0.5,
        "std": 0.09999999999999998,
        "min": 0.4,
        "max": 0.6,
        "ci_95_lower": 0.2515862288280455,
        "ci_95_upper": 0.7484137711719545,
        "sample_size": 3,
        "raw_values": [
          0.6,
          0.4,
          0.5
        ]
      },
      "episodes_completed": {
        "mean": 500.0,
        "std": 0.0,
        "min": 500,
        "max": 500,
        "ci_95_lower": NaN,
        "ci_95_upper": NaN,
        "sample_size": 3,
        "raw_values": [
          500,
          500,
          500
        ]
      },
      "final_win_rate": {
        "mean": 0.5583333333333333,
        "std": 0.07534642216677133,
        "min": 0.4875,
        "max": 0.6375,
        "ci_95_lower": 0.3711624445857151,
        "ci_95_upper": 0.7455042220809516,
        "sample_size": 3,
        "raw_values": [
          0.55,
          0.4875,
          0.6375
        ]
      },
      "training_efficiency": {
        "mean": 0.19807823589588028,
        "std": 0.024241366140465997,
        "min": 0.17064321357475468,
        "max": 0.21660547626250412,
        "ci_95_lower": 0.13785934408274741,
        "ci_95_upper": 0.25829712770901314,
        "sample_size": 3,
        "raw_values": [
          0.206986017850382,
          0.17064321357475468,
          0.21660547626250412
        ]
      },
      "random_win_rate": {
        "mean": 0.75,
        "std": 0.050000000000000044,
        "min": 0.7,
        "max": 0.8,
        "ci_95_lower": 0.6257931144140226,
        "ci_95_upper": 0.8742068855859774,
        "sample_size": 3,
        "raw_values": [
          0.7,
          0.75,
          0.8
        ]
      },
      "greedy_win_rate": {
        "mean": 0.3333333333333333,
        "std": 0.20207259421636906,
        "min": 0.15,
        "max": 0.55,
        "ci_95_lower": -0.16864281846455004,
        "ci_95_upper": 0.8353094851312166,
        "sample_size": 3,
        "raw_values": [
          0.3,
          0.15,
          0.55
        ]
      },
      "total_time": {
        "mean": 169.14322201410928,
        "std": 8.800435132303146,
        "min": 159.431058883667,
        "max": 176.5883331298828,
        "ci_95_lower": 147.28172922241345,
        "ci_95_upper": 191.00471480580512,
        "sample_size": 3,
        "raw_values": [
          159.431058883667,
          171.41027402877808,
          176.5883331298828
        ]
      },
      "heuristic_win_rate": {
        "mean": 0.65,
        "std": 0.04999999999999999,
        "min": 0.6,
        "max": 0.7,
        "ci_95_lower": 0.5257931144140228,
        "ci_95_upper": 0.7742068855859773,
        "sample_size": 3,
        "raw_values": [
          0.6,
          0.65,
          0.7
        ]
      },
      "best_win_rate": {
        "mean": 0.6291666666666668,
        "std": 0.0520416499866533,
        "min": 0.5875,
        "max": 0.6875,
        "ci_95_lower": 0.4998880413547123,
        "ci_95_upper": 0.7584452919786212,
        "sample_size": 3,
        "raw_values": [
          0.6125,
          0.6875,
          0.5875
        ]
      }
    },
    "0.999": {
      "minimax_win_rate": {
        "mean": 0.7166666666666667,
        "std": 0.2254624876411447,
        "min": 0.5,
        "max": 0.95,
        "ci_95_lower": 0.156586798539197,
        "ci_95_upper": 1.2767465347941362,
        "sample_size": 3,
        "raw_values": [
          0.5,
          0.7,
          0.95
        ]
      },
      "episodes_completed": {
        "mean": 500.0,
        "std": 0.0,
        "min": 500,
        "max": 500,
        "ci_95_lower": NaN,
        "ci_95_upper": NaN,
        "sample_size": 3,
        "raw_values": [
          500,
          500,
          500
        ]
      },
      "final_win_rate": {
        "mean": 0.7041666666666666,
        "std": 0.1371206889325361,
        "min": 0.55,
        "max": 0.8125,
        "ci_95_lower": 0.3635399922323887,
        "ci_95_upper": 1.0447933411009445,
        "sample_size": 3,
        "raw_values": [
          0.55,
          0.75,
          0.8125
        ]
      },
      "training_efficiency": {
        "mean": 0.2540030906062735,
        "std": 0.04684802820719205,
        "min": 0.20040180079766767,
        "max": 0.28712149184033836,
        "ci_95_lower": 0.13762613701708673,
        "ci_95_upper": 0.37038004419546033,
        "sample_size": 3,
        "raw_values": [
          0.20040180079766767,
          0.2744859791808145,
          0.28712149184033836
        ]
      },
      "random_win_rate": {
        "mean": 0.85,
        "std": 0.09999999999999998,
        "min": 0.75,
        "max": 0.95,
        "ci_95_lower": 0.6015862288280455,
        "ci_95_upper": 1.0984137711719546,
        "sample_size": 3,
        "raw_values": [
          0.75,
          0.85,
          0.95
        ]
      },
      "greedy_win_rate": {
        "mean": 0.43333333333333335,
        "std": 0.30138568866708537,
        "min": 0.15,
        "max": 0.75,
        "ci_95_lower": -0.31535022165713955,
        "ci_95_upper": 1.1820168883238062,
        "sample_size": 3,
        "raw_values": [
          0.15,
          0.75,
          0.4
        ]
      },
      "total_time": {
        "mean": 166.1335772673289,
        "std": 3.1862419372288984,
        "min": 163.94280004501343,
        "max": 169.78875279426575,
        "ci_95_lower": 158.21851351239624,
        "ci_95_upper": 174.04864102226153,
        "sample_size": 3,
        "raw_values": [
          164.66917896270752,
          163.94280004501343,
          169.78875279426575
        ]
      },
      "heuristic_win_rate": {
        "mean": 0.8166666666666668,
        "std": 0.12583057392117916,
        "min": 0.7,
        "max": 0.95,
        "ci_95_lower": 0.5040861927017516,
        "ci_95_upper": 1.1292471406315818,
        "sample_size": 3,
        "raw_values": [
          0.8,
          0.7,
          0.95
        ]
      },
      "best_win_rate": {
        "mean": 0.6166666666666666,
        "std": 0.07216878364870323,
        "min": 0.575,
        "max": 0.7,
        "ci_95_lower": 0.437389469595994,
        "ci_95_upper": 0.7959438637373392,
        "sample_size": 3,
        "raw_values": [
          0.575,
          0.7,
          0.575
        ]
      }
    },
    "0.9995": {
      "minimax_win_rate": {
        "mean": 0.6666666666666666,
        "std": 0.1040832999733066,
        "min": 0.55,
        "max": 0.75,
        "ci_95_lower": 0.4081094160427577,
        "ci_95_upper": 0.9252239172905756,
        "sample_size": 3,
        "raw_values": [
          0.7,
          0.55,
          0.75
        ]
      },
      "episodes_completed": {
        "mean": 500.0,
        "std": 0.0,
        "min": 500,
        "max": 500,
        "ci_95_lower": NaN,
        "ci_95_upper": NaN,
        "sample_size": 3,
        "raw_values": [
          500,
          500,
          500
        ]
      },
      "final_win_rate": {
        "mean": 0.6083333333333333,
        "std": 0.0520416499866533,
        "min": 0.55,
        "max": 0.65,
        "ci_95_lower": 0.47905470802137884,
        "ci_95_upper": 0.7376119586452877,
        "sample_size": 3,
        "raw_values": [
          0.65,
          0.625,
          0.55
        ]
      },
      "training_efficiency": {
        "mean": 0.37910844333103483,
        "std": 0.256408861754717,
        "min": 0.2268246053888357,
        "max": 0.6751429017675403,
        "ci_95_lower": -0.25784647977294123,
        "ci_95_upper": 1.016063366435011,
        "sample_size": 3,
        "raw_values": [
          0.23535782283672846,
          0.2268246053888357,
          0.6751429017675403
        ]
      },
      "random_win_rate": {
        "mean": 0.7166666666666667,
        "std": 0.12583057392117916,
        "min": 0.6,
        "max": 0.85,