{
  "agent": "DQNLarge",
  "parameter": "learning_rate",
  "timestamp": "20251209_020016",
  "results": {
    "0.0005": {
      "minimax_win_rate": {
        "mean": 0.8333333333333334,
        "std": 0.16072751268321592,
        "min": 0.65,
        "max": 0.95,
        "ci_95_lower": 0.4340640577660751,
        "ci_95_upper": 1.2326026089005917,
        "sample_size": 3,
        "raw_values": [
          0.9,
          0.65,
          0.95
        ]
      },
      "episodes_completed": {
        "mean": 500.0,
        "std": 0.0,
        "min": 500,
        "max": 500,
        "ci_95_lower": NaN,
        "ci_95_upper": NaN,
        "sample_size": 3,
        "raw_values": [
          500,
          500,
          500
        ]
      },
      "final_win_rate": {
        "mean": 0.6875,
        "std": 0.025000000000000022,
        "min": 0.6625,
        "max": 0.7125,
        "ci_95_lower": 0.6253965572070113,
        "ci_95_upper": 0.7496034427929887,
        "sample_size": 3,
        "raw_values": [
          0.6875,
          0.6625,
          0.7125
        ]
      },
      "training_efficiency": {
        "mean": 0.22339114391587855,
        "std": 0.006564800045107886,
        "min": 0.21585687912119644,
        "max": 0.2278812840137033,
        "ci_95_lower": 0.2070832765539279,
        "ci_95_upper": 0.23969901127782922,
        "sample_size": 3,
        "raw_values": [
          0.22643526861273594,
          0.21585687912119644,
          0.2278812840137033
        ]
      },
      "random_win_rate": {
        "mean": 0.75,
        "std": 0.09999999999999998,
        "min": 0.65,
        "max": 0.85,
        "ci_95_lower": 0.5015862288280455,
        "ci_95_upper": 0.9984137711719545,
        "sample_size": 3,
        "raw_values": [
          0.85,
          0.65,
          0.75
        ]
      },
      "greedy_win_rate": {
        "mean": 0.3333333333333333,
        "std": 0.07637626158259735,
        "min": 0.25,
        "max": 0.4,
        "ci_95_lower": 0.14360418165584649,
        "ci_95_upper": 0.5230624850108201,
        "sample_size": 3,
        "raw_values": [
          0.35,
          0.4,
          0.25
        ]
      },
      "total_time": {
        "mean": 184.63958064715067,
        "std": 2.7461613421122717,
        "min": 182.1712679862976,
        "max": 187.5976791381836,
        "ci_95_lower": 177.81773769474322,
        "ci_95_upper": 191.46142359955812,
        "sample_size": 3,
        "raw_values": [
          182.1712679862976,
          184.14979481697083,
          187.5976791381836
        ]
      },
      "heuristic_win_rate": {
        "mean": 0.8333333333333334,
        "std": 0.16072751268321592,
        "min": 0.65,
        "max": 0.95,
        "ci_95_lower": 0.4340640577660751,
        "ci_95_upper": 1.2326026089005917,
        "sample_size": 3,
        "raw_values": [
          0.65,
          0.95,
          0.9
        ]
      },
      "best_win_rate": {
        "mean": 0.6916666666666668,
        "std": 0.036084391824351615,
        "min": 0.65,
        "max": 0.7125,
        "ci_95_lower": 0.6020280681313305,
        "ci_95_upper": 0.781305265202003,
        "sample_size": 3,
        "raw_values": [
          0.7125,
          0.7125,
          0.65
        ]
      }
    },
    "0.001": {
      "minimax_win_rate": {
        "mean": 0.7666666666666666,
        "std": 0.10408329997330662,
        "min": 0.65,
        "max": 0.85,
        "ci_95_lower": 0.5081094160427576,
        "ci_95_upper": 1.0252239172905755,
        "sample_size": 3,
        "raw_values": [
          0.85,
          0.8,
          0.65
        ]
      },
      "episodes_completed": {
        "mean": 500.0,
        "std": 0.0,
        "min": 500,
        "max": 500,
        "ci_95_lower": NaN,
        "ci_95_upper": NaN,
        "sample_size": 3,
        "raw_values": [
          500,
          500,
          500
        ]
      },
      "final_win_rate": {
        "mean": 0.6666666666666666,
        "std": 0.09213893494789993,
        "min": 0.5625,
        "max": 0.7375,
        "ci_95_lower": 0.4377808636449144,
        "ci_95_upper": 0.8955524696884188,
        "sample_size": 3,
        "raw_values": [
          0.7,
          0.7375,
          0.5625
        ]
      },
      "training_efficiency": {
        "mean": 0.23846126852001873,
        "std": 0.0389877757121579,
        "min": 0.2007522909810219,
        "max": 0.27861297341520136,
        "ci_95_lower": 0.1416102645773839,
        "ci_95_upper": 0.33531227246265355,
        "sample_size": 3,
        "raw_values": [
          0.23601854116383292,
          0.27861297341520136,
          0.2007522909810219
        ]
      },
      "random_win_rate": {
        "mean": 0.8833333333333333,
        "std": 0.07637626158259729,
        "min": 0.8,
        "max": 0.95,
        "ci_95_lower": 0.6936041816558466,
        "ci_95_upper": 1.07306248501082,
        "sample_size": 3,
        "raw_values": [
          0.8,
          0.95,
          0.9
        ]
      },
      "greedy_win_rate": {
        "mean": 0.16666666666666666,
        "std": 0.07637626158259733,
        "min": 0.1,
        "max": 0.25,
        "ci_95_lower": -0.023062485010820144,
        "ci_95_upper": 0.35639581834415346,
        "sample_size": 3,
        "raw_values": [
          0.15,
          0.25,
          0.1
        ]
      },
      "total_time": {
        "mean": 168.29740730921426,
        "std": 9.566093618034655,
        "min": 158.82246780395508,
        "max": 177.9521210193634,
        "ci_95_lower": 144.53391339881472,
        "ci_95_upper": 192.0609012196138,
        "sample_size": 3,
        "raw_values": [
          177.9521210193634,
          158.82246780395508,
          168.11763310432434
        ]
      },
      "heuristic_win_rate": {
        "mean": 0.85,
        "std": 0.21794494717703367,
        "min": 0.6,
        "max": 1.0,
        "ci_95_lower": 0.3085947376388063,
        "ci_95_upper": 1.3914052623611937,
        "sample_size": 3,
        "raw_values": [
          1.0,
          0.95,
          0.6
        ]
      },
      "best_win_rate": {
        "mean": 0.6416666666666667,
        "std": 0.13938107236398112,
        "min": 0.5375,
        "max": 0.8,
        "ci_95_lower": 0.29542488850739024,
        "ci_95_upper": 0.9879084448259432,
        "sample_size": 3,
        "raw_values": [
          0.8,
          0.5875,
          0.5375
        ]
      }
    },
    "0.002": {
      "minimax_win_rate": {
        "mean": 0.75,
        "std": 0.13228756555322954,
        "min": 0.65,
        "max": 0.9,
        "ci_95_lower": 0.42137946961765094,
        "ci_95_upper": 1.078620530382349,
        "sample_size": 3,
        "raw_values": [
          0.7,
          0.65,
          0.9
        ]
      },
      "episodes_completed": {
        "mean": 500.0,
        "std": 0.0,
        "min": 500,
        "max": 500,
        "ci_95_lower": NaN,
        "ci_95_upper": NaN,
        "sample_size": 3,
        "raw_values": [
          500,
          500,
          500
        ]
      },
      "final_win_rate": {
        "mean": 0.6583333333333333,
        "std": 0.019094065395649375,
        "min": 0.6375,
        "max": 0.675,
        "ci_95_lower": 0.6109010454139615,
        "ci_95_upper": 0.7057656212527051,
        "sample_size": 3,
        "raw_values": [
          0.6375,
          0.6625,
          0.675
        ]
      },
      "training_efficiency": {
        "mean": 0.2297710785512126,
        "std": 0.0013522846747186183,
        "min": 0.22825497014109355,
        "max": 0.23085276110492778,
        "ci_95_lower": 0.2264118171937637,
        "ci_95_upper": 0.2331303399086615,
        "sample_size": 3,
        "raw_values": [
          0.23085276110492778,
          0.23020550440761642,
          0.22825497014109355
        ]
      },
      "random_win_rate": {
        "mean": 0.85,
        "std": 0.04999999999999999,
        "min": 0.8,
        "max": 0.9,