{
  "agent": "DQNMedium",
  "parameter": "epsilon_decay",
  "timestamp": "20251209_013601",
  "results": {
    "0.995": {
      "minimax_win_rate": {
        "mean": 0.7666666666666666,
        "std": 0.07637626158259735,
        "min": 0.7,
        "max": 0.85,
        "ci_95_lower": 0.5769375149891798,
        "ci_95_upper": 0.9563958183441534,
        "sample_size": 3,
        "raw_values": [
          0.75,
          0.7,
          0.85
        ]
      },
      "episodes_completed": {
        "mean": 500.0,
        "std": 0.0,
        "min": 500,
        "max": 500,
        "ci_95_lower": NaN,
        "ci_95_upper": NaN,
        "sample_size": 3,
        "raw_values": [
          500,
          500,
          500
        ]
      },
      "final_win_rate": {
        "mean": 0.7291666666666666,
        "std": 0.0629152869605896,
        "min": 0.6625,
        "max": 0.7875,
        "ci_95_lower": 0.572876429684209,
        "ci_95_upper": 0.8854569036491242,
        "sample_size": 3,
        "raw_values": [
          0.6625,
          0.7875,
          0.7375
        ]
      },
      "training_efficiency": {
        "mean": 0.31440506947633867,
        "std": 0.0270086610635373,
        "min": 0.2895138218953492,
        "max": 0.34312297392571617,
        "ci_95_lower": 0.24731183598535433,
        "ci_95_upper": 0.381498302967323,
        "sample_size": 3,
        "raw_values": [
          0.2895138218953492,
          0.34312297392571617,
          0.31057841260795066
        ]
      },
      "random_win_rate": {
        "mean": 0.8833333333333333,
        "std": 0.05773502691896256,
        "min": 0.85,
        "max": 0.95,
        "ci_95_lower": 0.7399115756767953,
        "ci_95_upper": 1.0267550909898713,
        "sample_size": 3,
        "raw_values": [
          0.95,
          0.85,
          0.85
        ]
      },
      "greedy_win_rate": {
        "mean": 0.3833333333333333,
        "std": 0.25658007197234417,
        "min": 0.1,
        "max": 0.6,
        "ci_95_lower": -0.25404689952888215,
        "ci_95_upper": 1.0207135661955489,
        "sample_size": 3,
        "raw_values": [
          0.1,
          0.6,
          0.45
        ]
      },
      "total_time": {
        "mean": 139.1603240966797,
        "std": 2.878730628191676,
        "min": 137.2991442680359,
        "max": 142.47609686851501,
        "ci_95_lower": 132.00916078130666,
        "ci_95_upper": 146.3114874120527,
        "sample_size": 3,
        "raw_values": [
          137.2991442680359,
          137.70573115348816,
          142.47609686851501
        ]
      },
      "heuristic_win_rate": {
        "mean": 0.8833333333333334,
        "std": 0.10408329997330662,
        "min": 0.8,
        "max": 1.0,
        "ci_95_lower": 0.6247760827094244,
        "ci_95_upper": 1.1418905839572424,
        "sample_size": 3,
        "raw_values": [
          0.85,
          1.0,
          0.8
        ]
      },
      "best_win_rate": {
        "mean": 0.6958333333333333,
        "std": 0.09464847243000454,
        "min": 0.5875,
        "max": 0.7625,
        "ci_95_lower": 0.46071349361331126,
        "ci_95_upper": 0.9309531730533553,
        "sample_size": 3,
        "raw_values": [
          0.7375,
          0.7625,
          0.5875
        ]
      }
    },
    "0.999": {
      "minimax_win_rate": {
        "mean": 0.75,
        "std": 0.09999999999999998,
        "min": 0.65,
        "max": 0.85,
        "ci_95_lower": 0.5015862288280455,
        "ci_95_upper": 0.9984137711719545,
        "sample_size": 3,
        "raw_values": [
          0.65,
          0.85,
          0.75
        ]
      },
      "episodes_completed": {
        "mean": 500.0,
        "std": 0.0,
        "min": 500,
        "max": 500,
        "ci_95_lower": NaN,
        "ci_95_upper": NaN,
        "sample_size": 3,
        "raw_values": [
          500,
          500,
          500
        ]
      },
      "final_win_rate": {
        "mean": 0.6833333333333332,
        "std": 0.03145764348029479,
        "min": 0.65,
        "max": 0.7125,
        "ci_95_lower": 0.6051882148421044,
        "ci_95_upper": 0.7614784518245621,
        "sample_size": 3,
        "raw_values": [
          0.65,
          0.7125,
          0.6875
        ]
      },
      "training_efficiency": {
        "mean": 0.2953631359532089,
        "std": 0.021733281948632596,
        "min": 0.27879943870348256,
        "max": 0.31997191001807196,
        "ci_95_lower": 0.241374670665177,
        "ci_95_upper": 0.34935160124124076,
        "sample_size": 3,
        "raw_values": [
          0.27879943870348256,
          0.31997191001807196,
          0.2873180591380722
        ]
      },
      "random_win_rate": {
        "mean": 0.7666666666666666,
        "std": 0.1527525231651947,
        "min": 0.6,
        "max": 0.9,
        "ci_95_lower": 0.38720836331169295,
        "ci_95_upper": 1.1461249700216403,
        "sample_size": 3,
        "raw_values": [
          0.6,
          0.9,
          0.8
        ]
      },
      "greedy_win_rate": {
        "mean": 0.3333333333333333,
        "std": 0.16072751268321592,
        "min": 0.15,
        "max": 0.45,
        "ci_95_lower": -0.06593594223392496,
        "ci_95_upper": 0.7326026089005916,
        "sample_size": 3,
        "raw_values": [
          0.4,
          0.15,
          0.45
        ]
      },
      "total_time": {
        "mean": 139.0200329621633,
        "std": 5.037886912641984,
        "min": 133.60547804832458,
        "max": 143.5691168308258,
        "ci_95_lower": 126.505228095091,
        "ci_95_upper": 151.5348378292356,
        "sample_size": 3,
        "raw_values": [
          139.88550400733948,
          133.60547804832458,
          143.5691168308258
        ]
      },
      "heuristic_win_rate": {
        "mean": 0.8833333333333333,
        "std": 0.11547005383792514,
        "min": 0.75,
        "max": 0.95,
        "ci_95_lower": 0.5964898180202571,
        "ci_95_upper": 1.1701768486464095,
        "sample_size": 3,
        "raw_values": [
          0.95,
          0.95,
          0.75
        ]
      },
      "best_win_rate": {
        "mean": 0.6416666666666667,
        "std": 0.026020824993326627,
        "min": 0.6125,
        "max": 0.6625,
        "ci_95_lower": 0.5770273540106895,
        "ci_95_upper": 0.7063059793226439,
        "sample_size": 3,
        "raw_values": [
          0.65,
          0.6125,
          0.6625
        ]
      }
    },
    "0.9995": {
      "minimax_win_rate": {
        "mean": 0.7833333333333333,
        "std": 0.07637626158259735,
        "min": 0.7,
        "max": 0.85,
        "ci_95_lower": 0.5936041816558465,
        "ci_95_upper": 0.9730624850108202,
        "sample_size": 3,
        "raw_values": [
          0.7,
          0.8,
          0.85
        ]
      },
      "episodes_completed": {
        "mean": 500.0,
        "std": 0.0,
        "min": 500,
        "max": 500,
        "ci_95_lower": NaN,
        "ci_95_upper": NaN,
        "sample_size": 3,
        "raw_values": [
          500,
          500,
          500
        ]
      },
      "final_win_rate": {
        "mean": 0.65,
        "std": 0.16535945694153692,
        "min": 0.4625,
        "max": 0.775,
        "ci_95_lower": 0.23922433702206375,
        "ci_95_upper": 1.0607756629779364,
        "sample_size": 3,
        "raw_values": [
          0.4625,
          0.775,
          0.7125
        ]
      },
      "training_efficiency": {
        "mean": 0.6393777130400088,
        "std": 0.6501894187880053,
        "min": 0.2015103956226971,
        "max": 1.3864689614481875,
        "ci_95_lower": -0.9757823419322881,
        "ci_95_upper": 2.2545377680123058,
        "sample_size": 3,
        "raw_values": [
          0.2015103956226971,
          0.33015378204914164,
          1.3864689614481875
        ]
      },
      "random_win_rate": {
        "mean": 0.8166666666666668,
        "std": 0.05773502691896257,
        "min": 0.75,