{
  "agent": "DQNMedium",
  "parameter": "learning_rate",
  "timestamp": "20251209_013059",
  "results": {
    "0.0005": {
      "minimax_win_rate": {
        "mean": 0.6333333333333334,
        "std": 0.1527525231651947,
        "min": 0.5,
        "max": 0.8,
        "ci_95_lower": 0.25387502997835976,
        "ci_95_upper": 1.012791636688307,
        "sample_size": 3,
        "raw_values": [
          0.5,
          0.6,
          0.8
        ]
      },
      "episodes_completed": {
        "mean": 500.0,
        "std": 0.0,
        "min": 500,
        "max": 500,
        "ci_95_lower": NaN,
        "ci_95_upper": NaN,
        "sample_size": 3,
        "raw_values": [
          500,
          500,
          500
        ]
      },
      "final_win_rate": {
        "mean": 0.6166666666666667,
        "std": 0.06291528696058958,
        "min": 0.55,
        "max": 0.675,
        "ci_95_lower": 0.4603764296842091,
        "ci_95_upper": 0.7729569036491243,
        "sample_size": 3,
        "raw_values": [
          0.675,
          0.55,
          0.625
        ]
      },
      "training_efficiency": {
        "mean": 0.2437572367275125,
        "std": 0.039257943041845815,
        "min": 0.21124695454806836,
        "max": 0.28737105571541705,
        "ci_95_lower": 0.14623509993272538,
        "ci_95_upper": 0.34127937352229964,
        "sample_size": 3,
        "raw_values": [
          0.28737105571541705,
          0.21124695454806836,
          0.23265369991905213
        ]
      },
      "random_win_rate": {
        "mean": 0.7833333333333333,
        "std": 0.07637626158259735,
        "min": 0.7,
        "max": 0.85,
        "ci_95_lower": 0.5936041816558465,
        "ci_95_upper": 0.9730624850108202,
        "sample_size": 3,
        "raw_values": [
          0.7,
          0.8,
          0.85
        ]
      },
      "greedy_win_rate": {
        "mean": 0.3,
        "std": 0.2,
        "min": 0.1,
        "max": 0.5,
        "ci_95_lower": -0.1968275423439092,
        "ci_95_upper": 0.7968275423439092,
        "sample_size": 3,
        "raw_values": [
          0.5,
          0.1,
          0.3
        ]
      },
      "total_time": {
        "mean": 152.77727055549622,
        "std": 10.554173141562671,
        "min": 140.93277382850647,
        "max": 161.18376803398132,
        "ci_95_lower": 126.55925103852283,
        "ci_95_upper": 178.9952900724696,
        "sample_size": 3,
        "raw_values": [
          140.93277382850647,
          156.21526980400085,
          161.18376803398132
        ]
      },
      "heuristic_win_rate": {
        "mean": 0.75,
        "std": 0.22912878474779197,
        "min": 0.55,
        "max": 1.0,
        "ci_95_lower": 0.18081254496753973,
        "ci_95_upper": 1.3191874550324603,
        "sample_size": 3,
        "raw_values": [
          1.0,
          0.7,
          0.55
        ]
      },
      "best_win_rate": {
        "mean": 0.6,
        "std": 0.12311072252245127,
        "min": 0.4625,
        "max": 0.7,
        "ci_95_lower": 0.29417601146493794,
        "ci_95_upper": 0.9058239885350621,
        "sample_size": 3,
        "raw_values": [
          0.7,
          0.6375,
          0.4625
        ]
      }
    },
    "0.001": {
      "minimax_win_rate": {
        "mean": 0.5833333333333334,
        "std": 0.1040832999733066,
        "min": 0.5,
        "max": 0.7,
        "ci_95_lower": 0.32477608270942443,
        "ci_95_upper": 0.8418905839572424,
        "sample_size": 3,
        "raw_values": [
          0.7,
          0.5,
          0.55
        ]
      },
      "episodes_completed": {
        "mean": 500.0,
        "std": 0.0,
        "min": 500,
        "max": 500,
        "ci_95_lower": NaN,
        "ci_95_upper": NaN,
        "sample_size": 3,
        "raw_values": [
          500,
          500,
          500
        ]
      },
      "final_win_rate": {
        "mean": 0.6041666666666666,
        "std": 0.06884463184107627,
        "min": 0.525,
        "max": 0.65,
        "ci_95_lower": 0.43314712046080084,
        "ci_95_upper": 0.7751862128725324,
        "sample_size": 3,
        "raw_values": [
          0.6375,
          0.65,
          0.525
        ]
      },
      "training_efficiency": {
        "mean": 0.24284621180828644,
        "std": 0.04180387382527088,
        "min": 0.19836497734636643,
        "max": 0.2813234759331388,
        "ci_95_lower": 0.13899963234296542,
        "ci_95_upper": 0.34669279127360747,
        "sample_size": 3,
        "raw_values": [
          0.24885018214535398,
          0.2813234759331388,
          0.19836497734636643
        ]
      },
      "random_win_rate": {
        "mean": 0.7999999999999999,
        "std": 0.04999999999999999,
        "min": 0.75,
        "max": 0.85,
        "ci_95_lower": 0.6757931144140227,
        "ci_95_upper": 0.9242068855859772,
        "sample_size": 3,
        "raw_values": [
          0.8,
          0.85,
          0.75
        ]
      },
      "greedy_win_rate": {
        "mean": 0.25,
        "std": 0.13228756555322954,
        "min": 0.15,
        "max": 0.4,
        "ci_95_lower": -0.07862053038234906,
        "ci_95_upper": 0.5786205303823491,
        "sample_size": 3,
        "raw_values": [
          0.15,
          0.4,
          0.2
        ]
      },
      "total_time": {
        "mean": 150.3785276412964,
        "std": 10.487765024603185,
        "min": 138.6304497718811,
        "max": 158.79819321632385,
        "ci_95_lower": 124.32547503202635,
        "ci_95_upper": 176.4315802505664,
        "sample_size": 3,
        "raw_values": [
          153.7069399356842,
          138.6304497718811,
          158.79819321632385
        ]
      },
      "heuristic_win_rate": {
        "mean": 0.7833333333333333,
        "std": 0.16072751268321595,
        "min": 0.6,
        "max": 0.9,
        "ci_95_lower": 0.384064057766075,
        "ci_95_upper": 1.1826026089005917,
        "sample_size": 3,
        "raw_values": [
          0.9,
          0.85,
          0.6
        ]
      },
      "best_win_rate": {
        "mean": 0.575,
        "std": 0.0625,
        "min": 0.5125,
        "max": 0.6375,
        "ci_95_lower": 0.41974139301752833,
        "ci_95_upper": 0.7302586069824716,
        "sample_size": 3,
        "raw_values": [
          0.5125,
          0.6375,
          0.575
        ]
      }
    },
    "0.002": {
      "minimax_win_rate": {
        "mean": 0.7999999999999999,
        "std": 0.1322875655532295,
        "min": 0.65,
        "max": 0.9,
        "ci_95_lower": 0.4713794696176509,
        "ci_95_upper": 1.1286205303823489,
        "sample_size": 3,
        "raw_values": [
          0.9,
          0.85,
          0.65
        ]
      },
      "episodes_completed": {
        "mean": 500.0,
        "std": 0.0,
        "min": 500,
        "max": 500,
        "ci_95_lower": NaN,
        "ci_95_upper": NaN,
        "sample_size": 3,
        "raw_values": [
          500,
          500,
          500
        ]
      },
      "final_win_rate": {
        "mean": 0.6875,
        "std": 0.0625,
        "min": 0.625,
        "max": 0.75,
        "ci_95_lower": 0.5322413930175284,
        "ci_95_upper": 0.8427586069824716,
        "sample_size": 3,
        "raw_values": [
          0.6875,
          0.75,
          0.625
        ]
      },
      "training_efficiency": {
        "mean": 0.29319338296113767,
        "std": 0.03033665124642528,
        "min": 0.2584923594325687,
        "max": 0.31469017419013673,
        "ci_95_lower": 0.21783296355260887,
        "ci_95_upper": 0.3685538023696665,
        "sample_size": 3,
        "raw_values": [
          0.3063976152607076,
          0.31469017419013673,
          0.2584923594325687
        ]
      },
      "random_win_rate": {
        "mean": 0.8166666666666665,
        "std": 0.15275252316519464,
        "min": 0.65,
        "max": 0.95,
        "ci_95_lower": 0.43720836331169305,
        "ci_95_upper": 1.19612497002164,