{
  "agent": "DQNMedium",
  "parameter": "discount_factor",
  "timestamp": "20251209_014113",
  "results": {
    "0.95": {
      "minimax_win_rate": {
        "mean": 0.75,
        "std": 0.13228756555322954,
        "min": 0.6,
        "max": 0.85,
        "ci_95_lower": 0.42137946961765094,
        "ci_95_upper": 1.078620530382349,
        "sample_size": 3,
        "raw_values": [
          0.8,
          0.6,
          0.85
        ]
      },
      "episodes_completed": {
        "mean": 500.0,
        "std": 0.0,
        "min": 500,
        "max": 500,
        "ci_95_lower": NaN,
        "ci_95_upper": NaN,
        "sample_size": 3,
        "raw_values": [
          500,
          500,
          500
        ]
      },
      "final_win_rate": {
        "mean": 0.6291666666666667,
        "std": 0.007216878364870297,
        "min": 0.625,
        "max": 0.6375,
        "ci_95_lower": 0.6112389469595995,
        "ci_95_upper": 0.6470943863737338,
        "sample_size": 3,
        "raw_values": [
          0.625,
          0.6375,
          0.625
        ]
      },
      "training_efficiency": {
        "mean": 0.25224489834943226,
        "std": 0.013040375453495387,
        "min": 0.23772748973848903,
        "max": 0.2629655424847259,
        "ci_95_lower": 0.2198508099104225,
        "ci_95_upper": 0.284638986788442,
        "sample_size": 3,
        "raw_values": [
          0.2629655424847259,
          0.2560416628250819,
          0.23772748973848903
        ]
      },
      "random_win_rate": {
        "mean": 0.7666666666666666,
        "std": 0.05773502691896263,
        "min": 0.7,
        "max": 0.8,
        "ci_95_lower": 0.6232449090101284,
        "ci_95_upper": 0.9100884243232048,
        "sample_size": 3,
        "raw_values": [
          0.8,
          0.7,
          0.8
        ]
      },
      "greedy_win_rate": {
        "mean": 0.11666666666666665,
        "std": 0.11547005383792516,
        "min": 0.05,
        "max": 0.25,
        "ci_95_lower": -0.17017684864640953,
        "ci_95_upper": 0.4035101819797428,
        "sample_size": 3,
        "raw_values": [
          0.05,
          0.25,
          0.05
        ]
      },
      "total_time": {
        "mean": 149.91254226366678,
        "std": 7.583231123908587,
        "min": 142.60423493385315,
        "max": 157.74364185333252,
        "ci_95_lower": 131.07475185208006,
        "ci_95_upper": 168.7503326752535,
        "sample_size": 3,
        "raw_values": [
          142.60423493385315,
          149.3897500038147,
          157.74364185333252
        ]
      },
      "heuristic_win_rate": {
        "mean": 0.8833333333333334,
        "std": 0.10408329997330662,
        "min": 0.8,
        "max": 1.0,
        "ci_95_lower": 0.6247760827094244,
        "ci_95_upper": 1.1418905839572424,
        "sample_size": 3,
        "raw_values": [
          0.85,
          1.0,
          0.8
        ]
      },
      "best_win_rate": {
        "mean": 0.5958333333333333,
        "std": 0.11273124382057237,
        "min": 0.4875,
        "max": 0.7125,
        "ci_95_lower": 0.3157933992695985,
        "ci_95_upper": 0.8758732673970682,
        "sample_size": 3,
        "raw_values": [
          0.7125,
          0.4875,
          0.5875
        ]
      }
    },
    "0.99": {
      "minimax_win_rate": {
        "mean": 0.65,
        "std": 0.08660254037844388,
        "min": 0.6,
        "max": 0.75,
        "ci_95_lower": 0.4348673635151929,
        "ci_95_upper": 0.8651326364848071,
        "sample_size": 3,
        "raw_values": [
          0.75,
          0.6,
          0.6
        ]
      },
      "episodes_completed": {
        "mean": 500.0,
        "std": 0.0,
        "min": 500,
        "max": 500,
        "ci_95_lower": NaN,
        "ci_95_upper": NaN,
        "sample_size": 3,
        "raw_values": [
          500,
          500,
          500
        ]
      },
      "final_win_rate": {
        "mean": 0.6,
        "std": 0.10231690964840566,
        "min": 0.5125,
        "max": 0.7125,
        "ci_95_lower": 0.34583070619579404,
        "ci_95_upper": 0.8541692938042059,
        "sample_size": 3,
        "raw_values": [
          0.7125,
          0.575,
          0.5125
        ]
      },
      "training_efficiency": {
        "mean": 0.25361141459360037,
        "std": 0.03293223664390158,
        "min": 0.22124321362981528,
        "max": 0.28708010026420805,
        "ci_95_lower": 0.17180320361521212,
        "ci_95_upper": 0.3354196255719886,
        "sample_size": 3,
        "raw_values": [
          0.28708010026420805,
          0.25251092988677776,
          0.22124321362981528
        ]
      },
      "random_win_rate": {
        "mean": 0.7833333333333333,
        "std": 0.12583057392117916,
        "min": 0.65,
        "max": 0.9,
        "ci_95_lower": 0.47075285936841815,
        "ci_95_upper": 1.0959138072982486,
        "sample_size": 3,
        "raw_values": [
          0.9,
          0.8,
          0.65
        ]
      },
      "greedy_win_rate": {
        "mean": 0.21666666666666667,
        "std": 0.028867513459481284,
        "min": 0.2,
        "max": 0.25,
        "ci_95_lower": 0.14495578783839763,
        "ci_95_upper": 0.2883775454949357,
        "sample_size": 3,
        "raw_values": [
          0.2,
          0.2,
          0.25
        ]
      },
      "total_time": {
        "mean": 141.50940203666687,
        "std": 6.519464762133973,
        "min": 136.62774920463562,
        "max": 148.9131429195404,
        "ci_95_lower": 125.31415376082317,
        "ci_95_upper": 157.70465031251058,
        "sample_size": 3,
        "raw_values": [
          148.9131429195404,
          136.62774920463562,
          138.98731398582458
        ]
      },
      "heuristic_win_rate": {
        "mean": 0.75,
        "std": 0.22912878474779197,
        "min": 0.55,
        "max": 1.0,
        "ci_95_lower": 0.18081254496753973,
        "ci_95_upper": 1.3191874550324603,
        "sample_size": 3,
        "raw_values": [
          1.0,
          0.7,
          0.55
        ]
      },
      "best_win_rate": {
        "mean": 0.6458333333333334,
        "std": 0.019094065395649326,
        "min": 0.625,
        "max": 0.6625,
        "ci_95_lower": 0.5984010454139617,
        "ci_95_upper": 0.6932656212527051,
        "sample_size": 3,
        "raw_values": [
          0.625,
          0.6625,
          0.65
        ]
      }
    },
    "0.995": {
      "minimax_win_rate": {
        "mean": 0.6833333333333332,
        "std": 0.05773502691896257,
        "min": 0.65,
        "max": 0.75,
        "ci_95_lower": 0.5399115756767952,
        "ci_95_upper": 0.8267550909898713,
        "sample_size": 3,
        "raw_values": [
          0.75,
          0.65,
          0.65
        ]
      },
      "episodes_completed": {
        "mean": 500.0,
        "std": 0.0,
        "min": 500,
        "max": 500,
        "ci_95_lower": NaN,
        "ci_95_upper": NaN,
        "sample_size": 3,
        "raw_values": [
          500,
          500,
          500
        ]
      },
      "final_win_rate": {
        "mean": 0.6583333333333333,
        "std": 0.08868248605746987,
        "min": 0.5625,
        "max": 0.7375,
        "ci_95_lower": 0.4380338253489296,
        "ci_95_upper": 0.8786328413177371,
        "sample_size": 3,
        "raw_values": [
          0.7375,
          0.5625,
          0.675
        ]
      },
      "training_efficiency": {
        "mean": 0.5977634098127483,
        "std": 0.5405411775535844,
        "min": 0.2528924034843451,
        "max": 1.2207349896417843,
        "ci_95_lower": -0.7450153140854016,
        "ci_95_upper": 1.9405421337108981,
        "sample_size": 3,
        "raw_values": [
          0.3196628363121155,
          0.2528924034843451,
          1.2207349896417843
        ]
      },
      "random_win_rate": {
        "mean": 0.8166666666666668,
        "std": 0.05773502691896257,
        "min": 0.75,
        "max": 0.85,