{
  "agent": "DQNSmall",
  "parameter": "discount_factor",
  "timestamp": "20251209_011618",
  "results": {
    "0.95": {
      "minimax_win_rate": {
        "mean": 0.75,
        "std": 0.09999999999999998,
        "min": 0.65,
        "max": 0.85,
        "ci_95_lower": 0.5015862288280455,
        "ci_95_upper": 0.9984137711719545,
        "sample_size": 3,
        "raw_values": [
          0.65,
          0.85,
          0.75
        ]
      },
      "episodes_completed": {
        "mean": 500.0,
        "std": 0.0,
        "min": 500,
        "max": 500,
        "ci_95_lower": NaN,
        "ci_95_upper": NaN,
        "sample_size": 3,
        "raw_values": [
          500,
          500,
          500
        ]
      },
      "final_win_rate": {
        "mean": 0.6541666666666667,
        "std": 0.08868248605746987,
        "min": 0.575,
        "max": 0.75,
        "ci_95_lower": 0.43386715868226294,
        "ci_95_upper": 0.8744661746510705,
        "sample_size": 3,
        "raw_values": [
          0.6375,
          0.75,
          0.575
        ]
      },
      "training_efficiency": {
        "mean": 0.3917405923989965,
        "std": 0.05213595145223695,
        "min": 0.335873341135558,
        "max": 0.4390983038787262,
        "ci_95_lower": 0.2622277092601153,
        "ci_95_upper": 0.5212534755378777,
        "sample_size": 3,
        "raw_values": [
          0.4002501321827052,
          0.4390983038787262,
          0.335873341135558
        ]
      },
      "random_win_rate": {
        "mean": 0.7333333333333334,
        "std": 0.05773502691896263,
        "min": 0.7,
        "max": 0.8,
        "ci_95_lower": 0.5899115756767952,
        "ci_95_upper": 0.8767550909898716,
        "sample_size": 3,
        "raw_values": [
          0.7,
          0.8,
          0.7
        ]
      },
      "greedy_win_rate": {
        "mean": 0.38333333333333336,
        "std": 0.23629078131263043,
        "min": 0.2,
        "max": 0.65,
        "ci_95_lower": -0.20364550745704796,
        "ci_95_upper": 0.9703121741237146,
        "sample_size": 3,
        "raw_values": [
          0.2,
          0.65,
          0.3
        ]
      },
      "total_time": {
        "mean": 100.25509270032246,
        "std": 4.063224171412532,
        "min": 95.56524014472961,
        "max": 102.71729183197021,
        "ci_95_lower": 90.16148430494619,
        "ci_95_upper": 110.34870109569874,
        "sample_size": 3,
        "raw_values": [
          95.56524014472961,
          102.48274612426758,
          102.71729183197021
        ]
      },
      "heuristic_win_rate": {
        "mean": 0.75,
        "std": 0.22912878474779197,
        "min": 0.55,
        "max": 1.0,
        "ci_95_lower": 0.18081254496753973,
        "ci_95_upper": 1.3191874550324603,
        "sample_size": 3,
        "raw_values": [
          1.0,
          0.7,
          0.55
        ]
      },
      "best_win_rate": {
        "mean": 0.6666666666666666,
        "std": 0.10631125685144226,
        "min": 0.5875,
        "max": 0.7875,
        "ci_95_lower": 0.402574864341696,
        "ci_95_upper": 0.9307584689916373,
        "sample_size": 3,
        "raw_values": [
          0.5875,
          0.7875,
          0.625
        ]
      }
    },
    "0.99": {
      "minimax_win_rate": {
        "mean": 0.8833333333333333,
        "std": 0.07637626158259729,
        "min": 0.8,
        "max": 0.95,
        "ci_95_lower": 0.6936041816558466,
        "ci_95_upper": 1.07306248501082,
        "sample_size": 3,
        "raw_values": [
          0.95,
          0.8,
          0.9
        ]
      },
      "episodes_completed": {
        "mean": 500.0,
        "std": 0.0,
        "min": 500,
        "max": 500,
        "ci_95_lower": NaN,
        "ci_95_upper": NaN,
        "sample_size": 3,
        "raw_values": [
          500,
          500,
          500
        ]
      },
      "final_win_rate": {
        "mean": 0.7916666666666666,
        "std": 0.09464847243000458,
        "min": 0.725,
        "max": 0.9,
        "ci_95_lower": 0.5565468269466445,
        "ci_95_upper": 1.0267865063866888,
        "sample_size": 3,
        "raw_values": [
          0.9,
          0.725,
          0.75
        ]
      },
      "training_efficiency": {
        "mean": 0.4805879218943518,
        "std": 0.06515948262972003,
        "min": 0.44057341231959857,
        "max": 0.5557756754488814,
        "ci_95_lower": 0.3187227938177296,
        "ci_95_upper": 0.642453049970974,
        "sample_size": 3,
        "raw_values": [
          0.5557756754488814,
          0.4454146779145754,
          0.44057341231959857
        ]
      },
      "random_win_rate": {
        "mean": 0.8666666666666667,
        "std": 0.028867513459481315,
        "min": 0.85,
        "max": 0.9,
        "ci_95_lower": 0.7949557878383976,
        "ci_95_upper": 0.9383775454949358,
        "sample_size": 3,
        "raw_values": [
          0.9,
          0.85,
          0.85
        ]
      },
      "greedy_win_rate": {
        "mean": 0.5333333333333333,
        "std": 0.22546248764114474,
        "min": 0.3,
        "max": 0.75,
        "ci_95_lower": -0.026746534794136356,
        "ci_95_upper": 1.0934132014608031,
        "sample_size": 3,
        "raw_values": [
          0.75,
          0.55,
          0.3
        ]
      },
      "total_time": {
        "mean": 98.98764093716939,
        "std": 2.7411300373718417,
        "min": 97.16150307655334,
        "max": 102.13961791992188,
        "ci_95_lower": 92.1782964386068,
        "ci_95_upper": 105.79698543573198,
        "sample_size": 3,
        "raw_values": [
          97.16150307655334,
          97.66180181503296,
          102.13961791992188
        ]
      },
      "heuristic_win_rate": {
        "mean": 0.8833333333333333,
        "std": 0.16072751268321595,
        "min": 0.7,
        "max": 1.0,
        "ci_95_lower": 0.484064057766075,
        "ci_95_upper": 1.2826026089005915,
        "sample_size": 3,
        "raw_values": [
          1.0,
          0.7,
          0.95
        ]
      },
      "best_win_rate": {
        "mean": 0.7208333333333333,
        "std": 0.10103629710818453,
        "min": 0.6625,
        "max": 0.8375,
        "ci_95_lower": 0.46984525743439165,
        "ci_95_upper": 0.971821409232275,
        "sample_size": 3,
        "raw_values": [
          0.8375,
          0.6625,
          0.6625
        ]
      }
    },
    "0.995": {
      "minimax_win_rate": {
        "mean": 0.7166666666666667,
        "std": 0.20816659994661324,
        "min": 0.55,
        "max": 0.95,
        "ci_95_lower": 0.19955216541884868,
        "ci_95_upper": 1.2337811679144846,
        "sample_size": 3,
        "raw_values": [
          0.55,
          0.95,
          0.65
        ]
      },
      "episodes_completed": {
        "mean": 500.0,
        "std": 0.0,
        "min": 500,
        "max": 500,
        "ci_95_lower": NaN,
        "ci_95_upper": NaN,
        "sample_size": 3,
        "raw_values": [
          500,
          500,
          500
        ]
      },
      "final_win_rate": {
        "mean": 0.7333333333333334,
        "std": 0.1421560175769332,
        "min": 0.575,
        "max": 0.85,
        "ci_95_lower": 0.38019820912260704,
        "ci_95_upper": 1.0864684575440597,
        "sample_size": 3,
        "raw_values": [
          0.775,
          0.85,
          0.575
        ]
      },
      "training_efficiency": {
        "mean": 0.9009442202888943,
        "std": 0.6864549401881409,
        "min": 0.48246954613951865,
        "max": 1.693173491467635,
        "ci_95_lower": -0.8043043840286516,
        "ci_95_upper": 2.60619282460644,
        "sample_size": 3,
        "raw_values": [
          0.48246954613951865,
          0.527189623259529,
          1.693173491467635
        ]
      },
      "random_win_rate": {
        "mean": 0.9,
        "std": 0.04999999999999999,
        "min": 0.85,
        "max": 0.95,