{
  "agent": "DQNSmall",
  "parameter": "learning_rate",
  "timestamp": "20251209_010854",
  "results": {
    "0.0005": {
      "minimax_win_rate": {
        "mean": 0.7000000000000001,
        "std": 0.1322875655532295,
        "min": 0.6,
        "max": 0.85,
        "ci_95_lower": 0.37137946961765106,
        "ci_95_upper": 1.028620530382349,
        "sample_size": 3,
        "raw_values": [
          0.6,
          0.65,
          0.85
        ]
      },
      "episodes_completed": {
        "mean": 500.0,
        "std": 0.0,
        "min": 500,
        "max": 500,
        "ci_95_lower": NaN,
        "ci_95_upper": NaN,
        "sample_size": 3,
        "raw_values": [
          500,
          500,
          500
        ]
      },
      "final_win_rate": {
        "mean": 0.6958333333333333,
        "std": 0.05051814855409224,
        "min": 0.65,
        "max": 0.75,
        "ci_95_lower": 0.5703392953838625,
        "ci_95_upper": 0.8213273712828041,
        "sample_size": 3,
        "raw_values": [
          0.75,
          0.65,
          0.6875
        ]
      },
      "training_efficiency": {
        "mean": 0.41233797444444,
        "std": 0.04165871830824762,
        "min": 0.38544642847675387,
        "max": 0.46032477198875016,
        "ci_95_lower": 0.3088519812730206,
        "ci_95_upper": 0.5158239676158594,
        "sample_size": 3,
        "raw_values": [
          0.46032477198875016,
          0.38544642847675387,
          0.39124272286781586
        ]
      },
      "random_win_rate": {
        "mean": 0.8166666666666668,
        "std": 0.05773502691896257,
        "min": 0.75,
        "max": 0.85,
        "ci_95_lower": 0.6732449090101287,
        "ci_95_upper": 0.9600884243232048,
        "sample_size": 3,
        "raw_values": [
          0.85,
          0.75,
          0.85
        ]
      },
      "greedy_win_rate": {
        "mean": 0.4666666666666666,
        "std": 0.10408329997330666,
        "min": 0.35,
        "max": 0.55,
        "ci_95_lower": 0.20810941604275757,
        "ci_95_upper": 0.7252239172905757,
        "sample_size": 3,
        "raw_values": [
          0.55,
          0.35,
          0.5
        ]
      },
      "total_time": {
        "mean": 101.45723827679952,
        "std": 3.845529635445581,
        "min": 97.75706791877747,
        "max": 105.4332709312439,
        "ci_95_lower": 91.90441308785404,
        "ci_95_upper": 111.01006346574499,
        "sample_size": 3,
        "raw_values": [
          97.75706791877747,
          101.1813759803772,
          105.4332709312439
        ]
      },
      "heuristic_win_rate": {
        "mean": 0.8000000000000002,
        "std": 0.22912878474779197,
        "min": 0.55,
        "max": 1.0,
        "ci_95_lower": 0.2308125449675399,
        "ci_95_upper": 1.3691874550324603,
        "sample_size": 3,
        "raw_values": [
          1.0,
          0.85,
          0.55
        ]
      },
      "best_win_rate": {
        "mean": 0.6541666666666667,
        "std": 0.061661035778953065,
        "min": 0.6125,
        "max": 0.725,
        "ci_95_lower": 0.5009921623444812,
        "ci_95_upper": 0.8073411709888522,
        "sample_size": 3,
        "raw_values": [
          0.625,
          0.725,
          0.6125
        ]
      }
    },
    "0.001": {
      "minimax_win_rate": {
        "mean": 0.6166666666666667,
        "std": 0.07637626158259729,
        "min": 0.55,
        "max": 0.7,
        "ci_95_lower": 0.42693751498918,
        "ci_95_upper": 0.8063958183441534,
        "sample_size": 3,
        "raw_values": [
          0.55,
          0.7,
          0.6
        ]
      },
      "episodes_completed": {
        "mean": 500.0,
        "std": 0.0,
        "min": 500,
        "max": 500,
        "ci_95_lower": NaN,
        "ci_95_upper": NaN,
        "sample_size": 3,
        "raw_values": [
          500,
          500,
          500
        ]
      },
      "final_win_rate": {
        "mean": 0.6458333333333334,
        "std": 0.05636562191028614,
        "min": 0.5875,
        "max": 0.7,
        "ci_95_lower": 0.5058133663014661,
        "ci_95_upper": 0.7858533003652006,
        "sample_size": 3,
        "raw_values": [
          0.65,
          0.5875,
          0.7
        ]
      },
      "training_efficiency": {
        "mean": 0.37369559763049803,
        "std": 0.029487997574399516,
        "min": 0.33964580839736574,
        "max": 0.39075033906002765,
        "ci_95_lower": 0.3004433508128377,
        "ci_95_upper": 0.4469478444481584,
        "sample_size": 3,
        "raw_values": [
          0.39075033906002765,
          0.33964580839736574,
          0.39069064543410065
        ]
      },
      "random_win_rate": {
        "mean": 0.7999999999999999,
        "std": 0.1322875655532295,
        "min": 0.65,
        "max": 0.9,
        "ci_95_lower": 0.4713794696176509,
        "ci_95_upper": 1.1286205303823489,
        "sample_size": 3,
        "raw_values": [
          0.9,
          0.65,
          0.85
        ]
      },
      "greedy_win_rate": {
        "mean": 0.31666666666666665,
        "std": 0.11547005383792516,
        "min": 0.25,
        "max": 0.45,
        "ci_95_lower": 0.029823151353590482,
        "ci_95_upper": 0.6035101819797428,
        "sample_size": 3,
        "raw_values": [
          0.25,
          0.25,
          0.45
        ]
      },
      "total_time": {
        "mean": 103.69816533724467,
        "std": 3.8477075939431598,
        "min": 99.80797481536865,
        "max": 107.50193405151367,
        "ci_95_lower": 94.13992979946079,
        "ci_95_upper": 113.25640087502856,
        "sample_size": 3,
        "raw_values": [
          99.80797481536865,
          103.78458714485168,
          107.50193405151367
        ]
      },
      "heuristic_win_rate": {
        "mean": 0.85,
        "std": 0.08660254037844388,
        "min": 0.75,
        "max": 0.9,
        "ci_95_lower": 0.6348673635151929,
        "ci_95_upper": 1.065132636484807,
        "sample_size": 3,
        "raw_values": [
          0.9,
          0.75,
          0.9
        ]
      },
      "best_win_rate": {
        "mean": 0.6666666666666666,
        "std": 0.07324331596352894,
        "min": 0.6125,
        "max": 0.75,
        "ci_95_lower": 0.48472018335027417,
        "ci_95_upper": 0.8486131499830591,
        "sample_size": 3,
        "raw_values": [
          0.75,
          0.6375,
          0.6125
        ]
      }
    },
    "0.002": {
      "minimax_win_rate": {
        "mean": 0.7166666666666668,
        "std": 0.24664414311581237,
        "min": 0.55,
        "max": 1.0,
        "ci_95_lower": 0.1039686493779245,
        "ci_95_upper": 1.3293646839554092,
        "sample_size": 3,
        "raw_values": [
          0.6,
          1.0,
          0.55
        ]
      },
      "episodes_completed": {
        "mean": 500.0,
        "std": 0.0,
        "min": 500,
        "max": 500,
        "ci_95_lower": NaN,
        "ci_95_upper": NaN,
        "sample_size": 3,
        "raw_values": [
          500,
          500,
          500
        ]
      },
      "final_win_rate": {
        "mean": 0.6708333333333334,
        "std": 0.13482241406136194,
        "min": 0.575,
        "max": 0.825,
        "ci_95_lower": 0.33591589017843665,
        "ci_95_upper": 1.00575077648823,
        "sample_size": 3,
        "raw_values": [
          0.6125,
          0.825,
          0.575
        ]
      },
      "training_efficiency": {
        "mean": 0.3890443760493503,
        "std": 0.08606572733516708,
        "min": 0.3294596048534892,
        "max": 0.48771746070648025,
        "ci_95_lower": 0.17524525708949,
        "ci_95_upper": 0.6028434950092106,
        "sample_size": 3,
        "raw_values": [
          0.34995606258808165,
          0.48771746070648025,
          0.3294596048534892
        ]
      },
      "random_win_rate": {
        "mean": 0.75,
        "std": 0.21794494717703367,
        "min": 0.6,
        "max": 1.0,