{
  "agent": "DQNSmall",
  "parameter": "batch_size",
  "timestamp": "20251209_012341",
  "results": {
    "32": {
      "minimax_win_rate": {
        "mean": 0.7666666666666666,
        "std": 0.2362907813126304,
        "min": 0.5,
        "max": 0.95,
        "ci_95_lower": 0.1796878258762853,
        "ci_95_upper": 1.353645507457048,
        "sample_size": 3,
        "raw_values": [
          0.95,
          0.5,
          0.85
        ]
      },
      "episodes_completed": {
        "mean": 500.0,
        "std": 0.0,
        "min": 500,
        "max": 500,
        "ci_95_lower": NaN,
        "ci_95_upper": NaN,
        "sample_size": 3,
        "raw_values": [
          500,
          500,
          500
        ]
      },
      "final_win_rate": {
        "mean": 0.7083333333333334,
        "std": 0.12011279421166314,
        "min": 0.6,
        "max": 0.8375,
        "ci_95_lower": 0.4099566115721318,
        "ci_95_upper": 1.006710055094535,
        "sample_size": 3,
        "raw_values": [
          0.8375,
          0.6,
          0.6875
        ]
      },
      "training_efficiency": {
        "mean": 0.43664749821425036,
        "std": 0.08721319519000044,
        "min": 0.3651048120442777,
        "max": 0.5337977827770573,
        "ci_95_lower": 0.21999791108321257,
        "ci_95_upper": 0.6532970853452882,
        "sample_size": 3,
        "raw_values": [
          0.5337977827770573,
          0.3651048120442777,
          0.4110398998214163
        ]
      },
      "random_win_rate": {
        "mean": 0.8666666666666666,
        "std": 0.14433756729740646,
        "min": 0.7,
        "max": 0.95,
        "ci_95_lower": 0.5081122725253213,
        "ci_95_upper": 1.2252210608080119,
        "sample_size": 3,
        "raw_values": [
          0.95,
          0.95,
          0.7
        ]
      },
      "greedy_win_rate": {
        "mean": 0.4166666666666667,
        "std": 0.23629078131263045,
        "min": 0.15,
        "max": 0.6,
        "ci_95_lower": -0.17031217412371474,
        "ci_95_upper": 1.003645507457048,
        "sample_size": 3,
        "raw_values": [
          0.5,
          0.15,
          0.6
        ]
      },
      "total_time": {
        "mean": 97.69793852170308,
        "std": 3.2062490945016506,
        "min": 94.13677167892456,
        "max": 100.35522103309631,
        "ci_95_lower": 89.73317423288488,
        "ci_95_upper": 105.66270281052128,
        "sample_size": 3,
        "raw_values": [
          94.13677167892456,
          98.60182285308838,
          100.35522103309631
        ]
      },
      "heuristic_win_rate": {
        "mean": 0.7833333333333333,
        "std": 0.1755942292142123,
        "min": 0.6,
        "max": 0.95,
        "ci_95_lower": 0.3471330865819826,
        "ci_95_upper": 1.219533580084684,
        "sample_size": 3,
        "raw_values": [
          0.95,
          0.8,
          0.6
        ]
      },
      "best_win_rate": {
        "mean": 0.7999999999999999,
        "std": 0.07806247497997992,
        "min": 0.7375,
        "max": 0.8875,
        "ci_95_lower": 0.6060820620320684,
        "ci_95_upper": 0.9939179379679315,
        "sample_size": 3,
        "raw_values": [
          0.8875,
          0.7375,
          0.775
        ]
      }
    },
    "64": {
      "minimax_win_rate": {
        "mean": 0.8166666666666668,
        "std": 0.23094010767585024,
        "min": 0.55,
        "max": 0.95,
        "ci_95_lower": 0.24297963604051465,
        "ci_95_upper": 1.3903536972928188,
        "sample_size": 3,
        "raw_values": [
          0.95,
          0.95,
          0.55
        ]
      },
      "episodes_completed": {
        "mean": 500.0,
        "std": 0.0,
        "min": 500,
        "max": 500,
        "ci_95_lower": NaN,
        "ci_95_upper": NaN,
        "sample_size": 3,
        "raw_values": [
          500,
          500,
          500
        ]
      },
      "final_win_rate": {
        "mean": 0.775,
        "std": 0.06614378277661478,
        "min": 0.7,
        "max": 0.825,
        "ci_95_lower": 0.6106897348088255,
        "ci_95_upper": 0.9393102651911746,
        "sample_size": 3,
        "raw_values": [
          0.825,
          0.8,
          0.7
        ]
      },
      "training_efficiency": {
        "mean": 0.45348743544641174,
        "std": 0.035712241715422095,
        "min": 0.4135604694126566,
        "max": 0.4823807698531647,
        "ci_95_lower": 0.3647733090310878,
        "ci_95_upper": 0.5422015618617357,
        "sample_size": 3,
        "raw_values": [
          0.4823807698531647,
          0.46452106707341373,
          0.4135604694126566
        ]
      },
      "random_win_rate": {
        "mean": 0.9166666666666666,
        "std": 0.028867513459481253,
        "min": 0.9,
        "max": 0.95,
        "ci_95_lower": 0.8449557878383976,
        "ci_95_upper": 0.9883775454949356,
        "sample_size": 3,
        "raw_values": [
          0.9,
          0.95,
          0.9
        ]
      },
      "greedy_win_rate": {
        "mean": 0.5333333333333333,
        "std": 0.16072751268321595,
        "min": 0.35,
        "max": 0.65,
        "ci_95_lower": 0.134064057766075,
        "ci_95_upper": 0.9326026089005917,
        "sample_size": 3,
        "raw_values": [
          0.65,
          0.6,
          0.35
        ]
      },
      "total_time": {
        "mean": 102.50178702672322,
        "std": 0.8930671171776028,
        "min": 101.55709528923035,
        "max": 103.33223485946655,
        "ci_95_lower": 100.28328532184568,
        "ci_95_upper": 104.72028873160076,
        "sample_size": 3,
        "raw_values": [
          102.61603093147278,
          103.33223485946655,
          101.55709528923035
        ]
      },
      "heuristic_win_rate": {
        "mean": 0.8333333333333334,
        "std": 0.1527525231651947,
        "min": 0.7,
        "max": 1.0,
        "ci_95_lower": 0.4538750299783597,
        "ci_95_upper": 1.2127916366883071,
        "sample_size": 3,
        "raw_values": [
          0.8,
          0.7,
          1.0
        ]
      },
      "best_win_rate": {
        "mean": 0.7333333333333334,
        "std": 0.02602082499332663,
        "min": 0.7125,
        "max": 0.7625,
        "ci_95_lower": 0.6686940206773562,
        "ci_95_upper": 0.7979726459893106,
        "sample_size": 3,
        "raw_values": [
          0.725,
          0.7125,
          0.7625
        ]
      }
    },
    "128": {
      "minimax_win_rate": {
        "mean": 0.7166666666666667,
        "std": 0.1755942292142123,
        "min": 0.55,
        "max": 0.9,
        "ci_95_lower": 0.28046641991531596,
        "ci_95_upper": 1.1528669134180174,
        "sample_size": 3,
        "raw_values": [
          0.55,
          0.7,
          0.9
        ]
      },
      "episodes_completed": {
        "mean": 500.0,
        "std": 0.0,
        "min": 500,
        "max": 500,
        "ci_95_lower": NaN,
        "ci_95_upper": NaN,
        "sample_size": 3,
        "raw_values": [
          500,
          500,
          500
        ]
      },
      "final_win_rate": {
        "mean": 0.725,
        "std": 0.09437293044088436,
        "min": 0.6375,
        "max": 0.825,
        "ci_95_lower": 0.49056464452631365,
        "ci_95_upper": 0.9594353554736863,
        "sample_size": 3,
        "raw_values": [
          0.6375,
          0.7125,
          0.825
        ]
      },
      "training_efficiency": {
        "mean": 0.9227430815114223,
        "std": 0.9247613225804173,
        "min": 0.3704261485852093,
        "max": 1.9903514882379156,
        "ci_95_lower": -1.3744913942502364,
        "ci_95_upper": 3.2199775572730807,
        "sample_size": 3,
        "raw_values": [
          0.3704261485852093,
          0.407451607711142,
          1.9903514882379156
        ]
      },
      "random_win_rate": {
        "mean": 0.9166666666666666,
        "std": 0.05773502691896256,
        "min": 0.85,
        "max": 0.95,