{
  "agent": "DQNSmall",
  "parameter": "epsilon_decay",
  "timestamp": "20251209_011243",
  "results": {
    "0.995": {
      "minimax_win_rate": {
        "mean": 0.6999999999999998,
        "std": 0.24999999999999997,
        "min": 0.45,
        "max": 0.95,
        "ci_95_lower": 0.07896557207011345,
        "ci_95_upper": 1.3210344279298862,
        "sample_size": 3,
        "raw_values": [
          0.7,
          0.45,
          0.95
        ]
      },
      "episodes_completed": {
        "mean": 500.0,
        "std": 0.0,
        "min": 500,
        "max": 500,
        "ci_95_lower": NaN,
        "ci_95_upper": NaN,
        "sample_size": 3,
        "raw_values": [
          500,
          500,
          500
        ]
      },
      "final_win_rate": {
        "mean": 0.6833333333333332,
        "std": 0.1631397662537658,
        "min": 0.5125,
        "max": 0.8375,
        "ci_95_lower": 0.27807168770124185,
        "ci_95_upper": 1.0885949789654246,
        "sample_size": 3,
        "raw_values": [
          0.7,
          0.5125,
          0.8375
        ]
      },
      "training_efficiency": {
        "mean": 0.3795158475228712,
        "std": 0.07997627824759387,
        "min": 0.29045566666622974,
        "max": 0.4451982007538636,
        "ci_95_lower": 0.18084375868504768,
        "ci_95_upper": 0.5781879363606948,
        "sample_size": 3,
        "raw_values": [
          0.40289367514852037,
          0.29045566666622974,
          0.4451982007538636
        ]
      },
      "random_win_rate": {
        "mean": 0.6999999999999998,
        "std": 0.21794494717703364,
        "min": 0.55,
        "max": 0.95,
        "ci_95_lower": 0.15859473763880627,
        "ci_95_upper": 1.2414052623611935,
        "sample_size": 3,
        "raw_values": [
          0.6,
          0.55,
          0.95
        ]
      },
      "greedy_win_rate": {
        "mean": 0.4000000000000001,
        "std": 0.21794494717703372,
        "min": 0.15,
        "max": 0.55,
        "ci_95_lower": -0.14140526236119372,
        "ci_95_upper": 0.9414052623611939,
        "sample_size": 3,
        "raw_values": [
          0.55,
          0.15,
          0.5
        ]
      },
      "total_time": {
        "mean": 107.66169261932373,
        "std": 4.583797259553154,
        "min": 104.24586582183838,
        "max": 112.87107610702515,
        "ci_95_lower": 96.27490898399104,
        "ci_95_upper": 119.04847625465642,
        "sample_size": 3,
        "raw_values": [
          104.24586582183838,
          105.86813592910767,
          112.87107610702515
        ]
      },
      "heuristic_win_rate": {
        "mean": 0.9333333333333332,
        "std": 0.028867513459481253,
        "min": 0.9,
        "max": 0.95,
        "ci_95_lower": 0.8616224545050643,
        "ci_95_upper": 1.0050442121616021,
        "sample_size": 3,
        "raw_values": [
          0.95,
          0.9,
          0.95
        ]
      },
      "best_win_rate": {
        "mean": 0.7000000000000001,
        "std": 0.12054563451241193,
        "min": 0.6125,
        "max": 0.8375,
        "ci_95_lower": 0.4005480433245564,
        "ci_95_upper": 0.9994519566754437,
        "sample_size": 3,
        "raw_values": [
          0.65,
          0.8375,
          0.6125
        ]
      }
    },
    "0.999": {
      "minimax_win_rate": {
        "mean": 0.6666666666666666,
        "std": 0.07637626158259735,
        "min": 0.6,
        "max": 0.75,
        "ci_95_lower": 0.4769375149891798,
        "ci_95_upper": 0.8563958183441535,
        "sample_size": 3,
        "raw_values": [
          0.6,
          0.75,
          0.65
        ]
      },
      "episodes_completed": {
        "mean": 500.0,
        "std": 0.0,
        "min": 500,
        "max": 500,
        "ci_95_lower": NaN,
        "ci_95_upper": NaN,
        "sample_size": 3,
        "raw_values": [
          500,
          500,
          500
        ]
      },
      "final_win_rate": {
        "mean": 0.6416666666666666,
        "std": 0.07637626158259735,
        "min": 0.575,
        "max": 0.725,
        "ci_95_lower": 0.4519375149891798,
        "ci_95_upper": 0.8313958183441534,
        "sample_size": 3,
        "raw_values": [
          0.575,
          0.625,
          0.725
        ]
      },
      "training_efficiency": {
        "mean": 0.36845981168669556,
        "std": 0.06063753986877871,
        "min": 0.30377506257048636,
        "max": 0.42401476182717646,
        "ci_95_lower": 0.21782781215276487,
        "ci_95_upper": 0.5190918112206262,
        "sample_size": 3,
        "raw_values": [
          0.30377506257048636,
          0.37758961066242397,
          0.42401476182717646
        ]
      },
      "random_win_rate": {
        "mean": 0.8333333333333334,
        "std": 0.07637626158259735,
        "min": 0.75,
        "max": 0.9,
        "ci_95_lower": 0.6436041816558465,
        "ci_95_upper": 1.0230624850108203,
        "sample_size": 3,
        "raw_values": [
          0.75,
          0.9,
          0.85
        ]
      },
      "greedy_win_rate": {
        "mean": 0.3333333333333333,
        "std": 0.12583057392117916,
        "min": 0.2,
        "max": 0.45,
        "ci_95_lower": 0.02075285936841814,
        "ci_95_upper": 0.6459138072982484,
        "sample_size": 3,
        "raw_values": [
          0.35,
          0.2,
          0.45
        ]
      },
      "total_time": {
        "mean": 105.15860573450725,
        "std": 7.467177372003741,
        "min": 99.31417322158813,
        "max": 113.570876121521,
        "ci_95_lower": 86.60910882461391,
        "ci_95_upper": 123.70810264440058,
        "sample_size": 3,
        "raw_values": [
          113.570876121521,
          99.31417322158813,
          102.5907678604126
        ]
      },
      "heuristic_win_rate": {
        "mean": 0.7333333333333334,
        "std": 0.18929694486000911,
        "min": 0.6,
        "max": 0.95,
        "ci_95_lower": 0.2630936538932893,
        "ci_95_upper": 1.2035730127733775,
        "sample_size": 3,
        "raw_values": [
          0.6,
          0.65,
          0.95
        ]
      },
      "best_win_rate": {
        "mean": 0.6666666666666666,
        "std": 0.13365845776954538,
        "min": 0.5125,
        "max": 0.75,
        "ci_95_lower": 0.3346406512310646,
        "ci_95_upper": 0.9986926821022686,
        "sample_size": 3,
        "raw_values": [
          0.5125,
          0.7375,
          0.75
        ]
      }
    },
    "0.9995": {
      "minimax_win_rate": {
        "mean": 0.6666666666666666,
        "std": 0.27537852736430507,
        "min": 0.4,
        "max": 0.95,
        "ci_95_lower": -0.017411518156796535,
        "ci_95_upper": 1.3507448514901297,
        "sample_size": 3,
        "raw_values": [
          0.4,
          0.95,
          0.65
        ]
      },
      "episodes_completed": {
        "mean": 500.0,
        "std": 0.0,
        "min": 500,
        "max": 500,
        "ci_95_lower": NaN,
        "ci_95_upper": NaN,
        "sample_size": 3,
        "raw_values": [
          500,
          500,
          500
        ]
      },
      "final_win_rate": {
        "mean": 0.6833333333333335,
        "std": 0.1421560175769332,
        "min": 0.525,
        "max": 0.8,
        "ci_95_lower": 0.3301982091226071,
        "ci_95_upper": 1.0364684575440597,
        "sample_size": 3,
        "raw_values": [
          0.525,
          0.8,
          0.725
        ]
      },
      "training_efficiency": {
        "mean": 0.8348319260204283,
        "std": 0.7616390617024296,
        "min": 0.3179395344016729,
        "max": 1.709484866296255,
        "ci_95_lower": -1.057184389873267,
        "ci_95_upper": 2.726848241914124,
        "sample_size": 3,
        "raw_values": [
          0.3179395344016729,
          0.477071377363357,
          1.709484866296255
        ]
      },
      "random_win_rate": {
        "mean": 0.8166666666666668,
        "std": 0.07637626158259735,